﻿<?xml version="1.0" encoding="utf-8"?>
<publishData>
  <publishProfile publishUrl="C:\Users\marcelo\SkyDrive\FTP\socialnews" deleteExistingFiles="True" ftpAnonymousLogin="False" ftpPassiveMode="True" msdeploySite="" msdeploySiteID="" msdeployRemoteSitePhysicalPath="" msdeployAllowUntrustedCertificate="False" msdeploySkipExtraFilesOnServer="True" msdeployMarkAsApp="False" profileName="socialnews" publishMethod="FileSystem" replaceMatchingFiles="False" userName="" savePWD="False" userPWD="" SelectedForPublish="True">
    <file relUrl="Scripts/MicrosoftAjax.js" publishTime="08/11/2011 23:27:49" />
    <file relUrl="Views/Accounts/LogOn.cshtml" publishTime="07/28/2012 21:39:48" />
    <file relUrl="bin/System.Web.WebPages.dll" publishTime="01/05/2011 16:45:38" />
    <file relUrl="bin/System.Web.DynamicData.dll" publishTime="03/18/2010 19:31:26" />
    <file relUrl="Content/images/loading_small.gif" publishTime="07/29/2012 11:41:21" />
    <file relUrl="Content/themes/base/jquery.ui.datepicker.css" publishTime="08/11/2011 23:27:57" />
    <file relUrl="Content/images/Background4.jpg" publishTime="07/15/2012 19:47:48" />
    <file relUrl="bin/System.Web.Helpers.xml" publishTime="12/20/2010 00:59:38" />
    <file relUrl="Scripts/jquery-1.5.1.js" publishTime="08/11/2011 23:27:54" />
    <file relUrl="bin/System.Drawing.dll" publishTime="03/18/2010 19:31:26" />
    <file relUrl="Scripts/jquery.unobtrusive-ajax.js" publishTime="08/11/2011 23:27:48" />
    <file relUrl="Content/images/facebook-loading.gif" publishTime="07/17/2012 00:08:16" />
    <file relUrl="bin/Microsoft.Web.Infrastructure.dll" publishTime="07/15/2012 00:18:32" />
    <file relUrl="Content/themes/base/images/ui-bg_highlight-soft_75_cccccc_1x100.png" publishTime="08/11/2011 23:27:57" />
    <file relUrl="Views/Web.config" publishTime="08/11/2011 23:27:49" />
    <file relUrl="Content/themes/base/jquery.ui.selectable.css" publishTime="08/11/2011 23:27:57" />
    <file relUrl="Scripts/jquery-1.6.4-vsdoc.js" publishTime="07/15/2012 00:18:36" />
    <file relUrl="Scripts/jquery.validate.js" publishTime="08/11/2011 23:27:55" />
    <file relUrl="bin/System.Web.Razor.xml" publishTime="12/20/2010 11:52:36" />
    <file relUrl="bin/System.Web.Abstractions.dll" publishTime="03/18/2010 19:31:26" />
    <file relUrl="Content/themes/base/jquery.ui.all.css" publishTime="08/11/2011 23:27:57" />
    <file relUrl="bin/System.Web.dll" publishTime="03/18/2010 19:31:26" />
    <file relUrl="bin/System.Web.Razor.dll" publishTime="01/05/2011 16:45:38" />
    <file relUrl="Scripts/jquery-1.5.1-vsdoc.js" publishTime="08/11/2011 23:27:55" />
    <file relUrl="Views/Home/Index.cshtml" publishTime="08/09/2012 02:23:37" />
    <file relUrl="App_Data/SocialNews.sdf" publishTime="08/09/2012 00:41:22" />
    <file relUrl="bin/System.Web.Entity.dll" publishTime="03/18/2010 19:31:26" />
    <file relUrl="Scripts/modernizr-1.7.min.js" publishTime="08/11/2011 23:27:59" />
    <file relUrl="Content/images/actor3.gif" publishTime="09/04/2011 20:37:11" />
    <file relUrl="bin/Microsoft.Web.Infrastructure.xml" publishTime="12/20/2010 11:52:36" />
    <file relUrl="Views/Shared/Error.cshtml" publishTime="08/11/2011 23:27:49" />
    <file relUrl="Content/images/actor4_medium.gif" publishTime="07/15/2012 21:14:33" />
    <file relUrl="Views/Shared/_LogOnPartial.cshtml" publishTime="08/09/2012 00:51:30" />
    <file relUrl="Content/images/actor1.gif" publishTime="09/04/2011 20:34:51" />
    <file relUrl="Web.config" publishTime="08/09/2012 00:51:44" />
    <file relUrl="Content/images/content1.png" publishTime="08/12/2011 22:37:42" />
    <file relUrl="bin/SocialNews.dll" publishTime="08/09/2012 02:19:07" />
    <file relUrl="Content/themes/base/images/ui-bg_glass_55_fbf9ee_1x400.png" publishTime="08/11/2011 23:27:58" />
    <file relUrl="Content/images/actor1_medium.gif" publishTime="07/15/2012 21:15:16" />
    <file relUrl="bin/SocialNews.Data.pdb" publishTime="08/09/2012 02:19:06" />
    <file relUrl="Scripts/MicrosoftMvcAjax.debug.js" publishTime="08/11/2011 23:27:49" />
    <file relUrl="Content/images/wait.gif" publishTime="07/28/2012 18:31:12" />
    <file relUrl="Content/themes/base/jquery.ui.tabs.css" publishTime="08/11/2011 23:27:56" />
    <file relUrl="bin/System.Web.WebPages.xml" publishTime="12/20/2010 00:59:38" />
    <file relUrl="Scripts/knockout-2.1.0.debug.js" publishTime="07/17/2012 01:00:34" />
    <file relUrl="Scripts/jquery-ui-1.8.11.min.js" publishTime="08/11/2011 23:27:55" />
    <file relUrl="Content/themes/base/images/ui-icons_2e83ff_256x240.png" publishTime="08/11/2011 23:27:57" />
    <file relUrl="Scripts/MicrosoftMvcAjax.js" publishTime="08/11/2011 23:27:49" />
    <file relUrl="bin/Newtonsoft.Json.dll" publishTime="07/15/2012 00:18:31" />
    <file relUrl="Content/images/Background2.jpg" publishTime="07/15/2012 19:29:45" />
    <file relUrl="bin/System.Xml.Linq.dll" publishTime="03/18/2010 19:31:26" />
    <file relUrl="bin/System.Web.Services.dll" publishTime="03/18/2010 19:31:26" />
    <file relUrl="bin/System.EnterpriseServices.dll" publishTime="03/18/2010 19:31:26" />
    <file relUrl="bin/FluentNHibernate.dll" publishTime="09/04/2011 15:56:51" />
    <file relUrl="Scripts/MicrosoftMvcValidation.js" publishTime="08/11/2011 23:27:49" />
    <file relUrl="Global.asax" publishTime="08/11/2011 23:27:49" />
    <file relUrl="Scripts/jquery.signalR-0.5.2.js" publishTime="07/15/2012 00:18:39" />
    <file relUrl="Scripts/MicrosoftMvcValidation.debug.js" publishTime="08/11/2011 23:27:49" />
    <file relUrl="bin/System.Data.SqlServerCe.dll" publishTime="02/12/2010 05:18:28" />
    <file relUrl="bin/System.Web.Mvc.dll" publishTime="01/05/2011 18:42:16" />
    <file relUrl="Content/images/actor2_medium.gif" publishTime="07/15/2012 21:15:05" />
    <file relUrl="packages.config" publishTime="07/17/2012 01:00:34" />
    <file relUrl="bin/SocialNews.Domain.dll" publishTime="08/09/2012 02:19:06" />
    <file relUrl="Content/images/clock.png" publishTime="08/13/2011 01:14:32" />
    <file relUrl="Content/images/actor1_small.gif" publishTime="07/15/2012 21:15:26" />
    <file relUrl="bin/Newtonsoft.Json.xml" publishTime="07/15/2012 00:18:31" />
    <file relUrl="Scripts/jquery.unobtrusive-ajax.min.js" publishTime="08/11/2011 23:27:48" />
    <file relUrl="Content/themes/base/images/ui-icons_222222_256x240.png" publishTime="08/11/2011 23:27:57" />
    <file relUrl="bin/App_Data/SocialNews.sdf" publishTime="08/09/2012 00:41:22" />
    <file relUrl="Content/images/actor4_small.gif" publishTime="07/15/2012 21:16:20" />
    <file relUrl="Scripts/jquery.validate.unobtrusive.min.js" publishTime="08/11/2011 23:27:49" />
    <file relUrl="bin/System.Web.Mvc.xml" publishTime="02/09/2011 12:26:24" />
    <file relUrl="Content/images/exclamation.png" publishTime="07/17/2012 01:12:23" />
    <file relUrl="Content/images/Bob.png" publishTime="07/28/2012 23:34:10" />
    <file relUrl="Views/_ViewStart.cshtml" publishTime="08/11/2011 23:27:49" />
    <file relUrl="Content/themes/base/jquery.ui.autocomplete.css" publishTime="08/11/2011 23:27:57" />
    <file relUrl="bin/SignalR.Hosting.AspNet.dll" publishTime="07/15/2012 00:18:32" />
    <file relUrl="Content/themes/base/images/ui-bg_flat_75_ffffff_40x100.png" publishTime="08/11/2011 23:27:58" />
    <file relUrl="bin/SignalR.Hosting.Common.dll" publishTime="07/15/2012 00:18:31" />
    <file relUrl="Content/images/BobIcon.png" publishTime="07/28/2012 23:55:43" />
    <file relUrl="Views/Home/About.cshtml" publishTime="08/09/2012 02:23:38" />
    <file relUrl="Content/themes/base/jquery.ui.resizable.css" publishTime="08/11/2011 23:27:57" />
    <file relUrl="Content/themes/base/images/ui-bg_glass_75_e6e6e6_1x400.png" publishTime="08/11/2011 23:27:58" />
    <file relUrl="Scripts/jquery.validate-vsdoc.js" publishTime="08/11/2011 23:27:55" />
    <file relUrl="Content/themes/base/jquery.ui.theme.css" publishTime="08/11/2011 23:27:56" />
    <file relUrl="Content/themes/base/images/ui-bg_glass_95_fef1ec_1x400.png" publishTime="08/11/2011 23:27:58" />
    <file relUrl="Scripts/jquery.signalR-0.5.2.min.js" publishTime="07/15/2012 00:18:39" />
    <file relUrl="Content/images/actor2.gif" publishTime="09/04/2011 20:35:32" />
    <file relUrl="Content/images/actor5_medium.gif" publishTime="07/15/2012 21:14:17" />
    <file relUrl="Content/themes/base/images/ui-bg_glass_75_dadada_1x400.png" publishTime="08/11/2011 23:27:58" />
    <file relUrl="Content/themes/base/images/ui-icons_454545_256x240.png" publishTime="08/11/2011 23:27:57" />
    <file relUrl="Content/themes/base/jquery.ui.button.css" publishTime="08/11/2011 23:27:57" />
    <file relUrl="Content/images/Background3.jpg" publishTime="07/15/2012 19:32:47" />
    <file relUrl="Content/images/actor4_large.gif" publishTime="07/15/2012 21:13:42" />
    <file relUrl="Content/themes/base/jquery.ui.core.css" publishTime="08/11/2011 23:27:57" />
    <file relUrl="bin/SignalR.Hosting.AspNet.xml" publishTime="07/15/2012 00:18:32" />
    <file relUrl="Content/themes/base/images/ui-bg_glass_65_ffffff_1x400.png" publishTime="08/11/2011 23:27:58" />
    <file relUrl="bin/System.Xml.dll" publishTime="03/18/2010 19:31:26" />
    <file relUrl="bin/System.Web.WebPages.Razor.xml" publishTime="12/20/2010 11:52:36" />
    <file relUrl="Views/Shared/_Layout.cshtml" publishTime="08/09/2012 02:23:00" />
    <file relUrl="Content/themes/base/images/ui-icons_cd0a0a_256x240.png" publishTime="08/11/2011 23:27:57" />
    <file relUrl="Content/themes/base/jquery.ui.accordion.css" publishTime="08/11/2011 23:27:57" />
    <file relUrl="Content/images/actor3_large.gif" publishTime="07/15/2012 21:13:17" />
    <file relUrl="Scripts/social.js" publishTime="08/09/2012 01:47:37" />
    <file relUrl="Content/themes/base/images/ui-bg_flat_0_aaaaaa_40x100.png" publishTime="08/11/2011 23:27:58" />
    <file relUrl="Content/images/actor4.gif" publishTime="09/04/2011 20:37:34" />
    <file relUrl="Content/images/Background1.jpg" publishTime="07/15/2012 19:36:17" />
    <file relUrl="bin/MySql.Data.dll" publishTime="07/01/2011 09:27:56" />
    <file relUrl="bin/SocialNews.pdb" publishTime="08/09/2012 02:19:07" />
    <file relUrl="Content/themes/base/jquery.ui.slider.css" publishTime="08/11/2011 23:27:56" />
    <file relUrl="Scripts/jquery-1.6.4.min.js" publishTime="07/15/2012 00:18:36" />
    <file relUrl="bin/SocialNews.Domain.pdb" publishTime="08/09/2012 02:19:05" />
    <file relUrl="bin/NHibernate.dll" publishTime="09/04/2011 13:34:29" />
    <file relUrl="Scripts/jquery-1.5.1.min.js" publishTime="08/11/2011 23:27:54" />
    <file relUrl="Content/themes/base/jquery.ui.dialog.css" publishTime="08/11/2011 23:27:57" />
    <file relUrl="Scripts/jquery-ui-1.8.11.js" publishTime="08/11/2011 23:27:55" />
    <file relUrl="Content/Site.css" publishTime="07/29/2012 12:42:29" />
    <file relUrl="Scripts/jquery.validate.unobtrusive.js" publishTime="08/11/2011 23:27:48" />
    <file relUrl="Content/images/actor3_medium.gif" publishTime="07/15/2012 21:14:52" />
    <file relUrl="bin/System.Web.WebPages.Razor.dll" publishTime="01/05/2011 16:45:38" />
    <file relUrl="Scripts/modernizr-1.7.js" publishTime="08/11/2011 23:27:59" />
    <file relUrl="Scripts/MicrosoftAjax.debug.js" publishTime="08/11/2011 23:27:49" />
    <file relUrl="Content/images/actor5.gif" publishTime="09/04/2011 20:37:50" />
    <file relUrl="Content/images/actor2_large.gif" publishTime="07/15/2012 21:12:56" />
    <file relUrl="Content/images/actor1_large.gif" publishTime="07/15/2012 21:12:42" />
    <file relUrl="Content/images/actor5_small.gif" publishTime="07/15/2012 21:16:31" />
    <file relUrl="Content/images/balloonEdge.png" publishTime="07/14/2012 23:25:52" />
    <file relUrl="Content/themes/base/images/ui-icons_888888_256x240.png" publishTime="08/11/2011 23:27:57" />
    <file relUrl="Content/images/actor5_large.gif" publishTime="07/15/2012 21:13:59" />
    <file relUrl="Content/themes/base/jquery.ui.progressbar.css" publishTime="08/11/2011 23:27:57" />
    <file relUrl="Scripts/jquery-1.6.4.js" publishTime="07/15/2012 00:18:36" />
    <file relUrl="bin/System.Web.Extensions.dll" publishTime="03/18/2010 19:31:26" />
    <file relUrl="bin/System.Web.Routing.dll" publishTime="03/18/2010 19:31:26" />
    <file relUrl="Scripts/knockout-2.1.0.js" publishTime="07/17/2012 01:00:33" />
    <file relUrl="bin/System.Web.Helpers.dll" publishTime="01/05/2011 16:45:38" />
    <file relUrl="bin/SocialNews.Data.dll" publishTime="08/09/2012 02:19:06" />
    <file relUrl="bin/System.Web.ApplicationServices.dll" publishTime="03/18/2010 19:31:26" />
    <file relUrl="Content/images/actor2_small.gif" publishTime="07/15/2012 21:15:59" />
    <file relUrl="bin/SignalR.xml" publishTime="07/15/2012 00:18:31" />
    <file relUrl="Content/images/actor3_small.gif" publishTime="07/15/2012 21:16:10" />
    <file relUrl="Content/images/Background5.jpg" publishTime="07/15/2012 19:29:21" />
    <file relUrl="Scripts/jquery.validate.min.js" publishTime="08/11/2011 23:27:55" />
    <file relUrl="bin/SignalR.dll" publishTime="07/15/2012 00:18:31" />
    <file relUrl="bin/SignalR.Hosting.Common.xml" publishTime="07/15/2012 00:18:32" />
    <file relUrl="bin/Iesi.Collections.dll" publishTime="09/04/2011 13:34:28" />
    <file relUrl="Content/themes/base/jquery.ui.base.css" publishTime="08/11/2011 23:27:57" />
  </publishProfile>
</publishData>